"Microsoft Status","CA Owner","CA Common Name or Certificate Name","Subject","SHA-1 Fingerprint","SHA-256 Fingerprint","Microsoft EKUs","Valid From [GMT]","Valid To [GMT]","Public Key Algorithm","Signature Hash Algorithm"
"Included","Zetes","ZETES TSP ROOT CA 001","CN=ZETES TSP ROOT CA 001; O=ZETES SA (VATBE-0408425626); C=BE; SerialNumber=001","3753D295FC6D8BC39B375650BFFC821AED504E1A","016E1DCD5F78841BBEBBAE9DDEA08C8D7EC54E698E95BB778ECDD1E10D8BF4F9","Client Authentication;Document Signing;OCSP Signing;Secure Email;Time Stamping","2016 May 20","2036 May 20","RSA 4096 bits","SHA256WithRSA"
"Included","Sectigo","Entrust Root Certification Authority - EC1","CN=Entrust Root Certification Authority - EC1; OU=See www.entrust.net/legal-terms, (c) 2012 Entrust, Inc. - for authorized use only; O=Entrust, Inc.; C=US","20D80640DF9B25F512253A11EAF7598AEB14B547","02ED0EB28C14DA45165C566791700D6451D7FB56F0B2AB1D3B8EB070E56EDFF5","Server Authentication;Client Authentication;Code Signing;Secure Email;Time Stamping","2012 Dec 18","2037 Dec 18","EC secp384r1","ecdsaWithSHA384"
"Included","Entrust","AffirmTrust Commercial","CN=AffirmTrust Commercial; O=AffirmTrust; C=US","F9B5B632455F9CBEEC575F80DCE96E2CC7B278B7","0376AB1D54C5F9803CE4B2E201A0EE7EEF7B57B636E8A93C9B8D4860C96F5FA7","Server Authentication;Client Authentication;Code Signing;Encrypting File System;IP Security Tunnel Termination;IP Security User;Secure Email;Time Stamping","2010 Jan 29","2030 Dec 31","RSA 2048 bits","SHA256WithRSA"
"Included","Autoridad de Certificacion Firmaprofesional","Autoridad de Certificacion Firmaprofesional CIF A62634068","CN=Autoridad de Certificacion Firmaprofesional CIF A62634068; C=ES","AEC5FB3FC8E1BFC4E54F03075A9AE800B7F7B6FA","04048028BF1F2864D48F9AD4D83294366A828856553F3B14303F90147F5D40EF","Server Authentication;Client Authentication;Code Signing;Encrypting File System;IP Security Tunnel Termination;IP Security User;Secure Email;Time Stamping","2009 May 20","2030 Dec 31","RSA 4096 bits","SHA1WithRSA"
"Included","Actalis","Actalis Code Signing RSA Root CA 2025","CN=Actalis Code Signing RSA Root CA 2025; O=Actalis S.p.A.; C=IT","D8B996FE8F8A8EBDFC8DE5D61150DB6DF286E9C6","041C6215F8DF4137DF0F3FC23A0009B46E75AC4619F811727076BAA8FE5008C9","Code Signing","2025 Feb 28","2050 Feb 22","RSA 4096 bits","SHA512WithRSA"
"Included","AC Camerfirma, S.A.","CHAMBERS OF COMMERCE ROOT - 2016","CN=CHAMBERS OF COMMERCE ROOT - 2016; OU=see current address at www.camerfirma.com/address, CHAMBERS OF COMMERCE ROOT - 2016; O=AC CAMERFIRMA S.A.; L=MADRID; ST=MADRID; C=ES; SerialNumber=A82743287; OrganizationIdentifier=VATES-A82743287","2DE16A5677BACA39E1D68C30DCB14ABE22A6179B","04F1BEC36951BC1454A904CE32890C5DA3CDE1356B7900F6E62DFA2041EBAD51","Server Authentication;Client Authentication;Code Signing;Secure Email;Time Stamping","2016 Apr 14","2040 Apr 08","RSA 4096 bits","SHA256WithRSA"
"Included","AC Camerfirma, S.A.","Chambers of Commerce Root - 2008","CN=Chambers of Commerce Root - 2008; O=AC Camerfirma S.A.; L=Madrid (see current address at www.camerfirma.com/address); C=EU; SerialNumber=A82743287","786A74AC76AB147F9C6A3050BA9EA87EFE9ACE3C","063E4AFAC491DFD332F3089B8542E94617D893D7FE944E10A7937EE29D9693C0","Server Authentication;Client Authentication;Code Signing;Encrypting File System;IP Security Tunnel Termination;IP Security User;Secure Email;Time Stamping","2008 Aug 01","2038 Jul 31","RSA 4096 bits","SHA1WithRSA"
"Included","Entrust","AffirmTrust Networking","CN=AffirmTrust Networking; O=AffirmTrust; C=US","293621028B20ED02F566C532D1D6ED909F45002F","0A81EC5A929777F145904AF38D5D509F66B5E2C58FCDB531058B0E17F3F0B41B","Server Authentication;Client Authentication;Code Signing;Encrypting File System;IP Security Tunnel Termination;IP Security User;Secure Email;Time Stamping","2010 Jan 29","2030 Dec 31","RSA 2048 bits","SHA1WithRSA"
"Included","eMudhra Technologies Limited","emSign Root CS CA - G2","CN=emSign Root CS CA - G2; O=eMudhra Technologies Limited; C=IN","1E3897900AF0A482F1134ACDC4202364FE55553F","0D74EF67C88DE3560365E225AEF976F915E901347B73352D81AB5B4132BB2150","Code Signing","2024 Feb 08","2049 Feb 07","RSA 4096 bits","SHA384WithRSA"
"Included","Macao Post and Telecommunications Bureau","eSignTrust Root Certification Authority (G03)","CN=eSignTrust Root Certification Authority (G03); O=Macao Post and Telecommunications Bureau; C=MO","9D319381546EA6A12811E09CF90A20C840BE944D","0E30D04A94DCC423E26FDC4C24AFCF4923BD80D83B661B06A2F5856361560407","Client Authentication;Document Signing;Secure Email;Time Stamping","2017 Jan 01","2041 Dec 31","RSA 4096 bits","SHA256WithRSA"
"Included","AC Camerfirma, S.A.","Global Chambersign Root - 2008","CN=Global Chambersign Root - 2008; O=AC Camerfirma S.A.; L=Madrid (see current address at www.camerfirma.com/address); C=EU; SerialNumber=A82743287","4ABDEEEC950D359C89AEC752A12C5B29F6D6AA0C","136335439334A7698016A0D324DE72284E079D7B5220BB8FBD747816EEBEBACA","Server Authentication;Client Authentication;Code Signing;Encrypting File System;IP Security Tunnel Termination;IP Security User;Secure Email;Time Stamping","2008 Aug 01","2038 Jul 31","RSA 4096 bits","SHA1WithRSA"
"Included","GoDaddy","Starfield Class 2 Certification Authority","OU=Starfield Class 2 Certification Authority; O=Starfield Technologies, Inc.; C=US","AD7E1C28B064EF8F6003402014C3D0E3370EB58A","1465FA205397B876FAA6F0A9958E5590E40FCC7FAA4FB7C2C8677521FB5FB658","Server Authentication;Client Authentication;Code Signing;Secure Email","2004 Jun 29","2034 Jun 29","RSA 2048 bits","SHA1WithRSA"
"Included","EDICOM","CAEDICOM Root","CN=CAEDICOM Root; O=EDICOM; C=ES","559BBA7B0FFE80D6D3829B1FD07AA4D322194790","1501F89C5C4DCF36CF588A17C9FD7CFCEB9EE01E8729BE355E25DE80EB6284B4","Server Authentication;Client Authentication;Code Signing;Document Signing;Secure Email;Time Stamping","2014 May 21","2034 May 21","RSA 4096 bits","SHA256WithRSA"
"Included","Google Trust Services LLC","GTS Root R3","CN=GTS Root R3; O=Google Trust Services LLC; C=US","30D4246F07FFDB91898A0BE9496611EB8C5E46E5","15D5B8774619EA7D54CE1CA6D0B0C403E037A917F131E8A04E1E6B7A71BABCE5","Server Authentication;Client Authentication;Secure Email;Time Stamping","2016 Jun 22","2036 Jun 22","EC secp384r1","ecdsaWithSHA384"
"Included","DigiCert","Baltimore CyberTrust Root","CN=Baltimore CyberTrust Root; OU=CyberTrust; O=Baltimore; C=IE","D4DE20D05E66FC53FE1A50882C78DB2852CAE474","16AF57A9F676B0AB126095AA5EBADEF22AB31119D644AC95CD4B93DBF3F26AEB","Server Authentication;Client Authentication;Code Signing;OCSP Signing;Secure Email;Time Stamping","2000 May 12","2025 May 12","RSA 2048 bits","SHA1WithRSA"
"Included","Sectigo","COMODO ECC Certification Authority","CN=COMODO ECC Certification Authority; O=COMODO CA Limited; L=Salford; ST=Greater Manchester; C=GB","9F744E9F2B4DBAEC0F312C50B6563B8E2D93C311","1793927A0614549789ADCE2F8F34F7F0B66D0F3AE3A3B84D21EC15DBBA4FADC7","Server Authentication;Client Authentication;Code Signing;Encrypting File System;IP Security Tunnel Termination;IP Security User;Secure Email;Time Stamping","2008 Mar 06","2038 Jan 18","EC secp384r1","ecdsaWithSHA384"
"Included","GlobalSign nv-sa","GlobalSign","CN=GlobalSign; OU=GlobalSign ECC Root CA - R5; O=GlobalSign","1F24C630CDA418EF2069FFAD4FDD5F463A1B69AA","179FBC148A3DD00FD24EA13458CC43BFA7F59C8182D783A513F6EBEC100C8924","Server Authentication;Client Authentication;Code Signing;Secure Email;Time Stamping","2012 Nov 13","2038 Jan 19","EC secp384r1","ecdsaWithSHA384"
"Included","Amazon Trust Services","Amazon Root CA 3","CN=Amazon Root CA 3; O=Amazon; C=US","0D44DD8C3C8C1A1A58756481E90F2E2AFFB3D26E","18CE6CFE7BF14E60B2E347B8DFE868CB31D02EBB3ADA271569F50343B46DB3A4","Server Authentication;Client Authentication;Document Signing;Encrypting File System;Secure Email;Time Stamping","2015 May 26","2040 May 26","EC secp256r1","ecdsaWithSHA256"
"Included","DigiCert","QuoVadis Root CA 3","CN=QuoVadis Root CA 3; O=QuoVadis Limited; C=BM","1F4914F7D874951DDDAE02C0BEFD3A2D82755185","18F1FC7F205DF8ADDDEB7FE007DD57E3AF375A9C4D8D73546BF4F1FED1E18D35","Server Authentication;Client Authentication;Code Signing;OCSP Signing;Secure Email;Time Stamping","2006 Nov 24","2031 Nov 24","RSA 4096 bits","SHA1WithRSA"
"Included","eMudhra Technologies Limited","emSign Root TSA CA - G2","CN=emSign Root TSA CA - G2; O=eMudhra Technologies Limited; C=IN","AECC6124A6CB7F7C1BC0D63623723E8A09CF587E","1997770A5633FB6D0440ABF7D7E87E15D795F094F8C2959DADB00E785866BF48","Time Stamping","2024 Feb 08","2049 Feb 07","RSA 4096 bits","SHA384WithRSA"
"Included","Chunghwa Telecom","ePKI Root Certification Authority - G4","CN=ePKI Root Certification Authority - G4; O=Chunghwa Telecom Co., Ltd.; C=TW","85A6693ED12C4AAD8DB69C8860B580134EBF2C77","19A2FA09332C6D8EAC1393D5F30371DD8B4DD687B0E1E50A6B48AE762CABA2B5","Document Signing;Secure Email;Time Stamping","2022 Nov 03","2047 Nov 03","RSA 4096 bits","SHA256WithRSA"
"Included","Sectigo","COMODO Certification Authority","CN=COMODO Certification Authority; O=COMODO CA Limited; L=Salford; ST=Greater Manchester; C=GB","EE869387FFFD8349AB5AD14322588789A457B012","1A0D20445DE5BA1862D19EF880858CBCE50102B36E8F0A040C3C69E74522FE6E","Server Authentication;Client Authentication;Code Signing;Encrypting File System;IP Security Tunnel Termination;IP Security User;Secure Email;Time Stamping","2011 Jan 01","2030 Dec 31","RSA 2048 bits","SHA1WithRSA"
"Included","eMudhra Technologies Limited","emSign Root CA - G2","CN=emSign Root CA - G2; OU=emSign PKI; O=eMudhra Technologies Limited; C=IN","1E6577B9CF70D017CAE1BDA1351D4725A973C06D","1AA0C2709E831BD6E3B5129A00BA41F7EEEF020872F1E6504BF0F6C3F24F3AF3","Code Signing;Time Stamping","2018 Feb 18","2043 Feb 18","RSA 4096 bits","SHA384WithRSA"
"Included","Amazon Trust Services","Amazon Root CA 2","CN=Amazon Root CA 2; O=Amazon; C=US","5A8CEF45D7A69859767A8C8B4496B578CF474B1A","1BA5B2AA8C65401A82960118F80BEC4F62304D83CEC4713A19C39C011EA46DB4","Server Authentication;Client Authentication;Code Signing;Document Signing;Encrypting File System;Secure Email;Time Stamping","2015 May 26","2040 May 26","RSA 4096 bits","SHA384WithRSA"
"Included","Chunghwa Telecom","ePKI Root Certification Authority - G2","CN=ePKI Root Certification Authority - G2; O=Chunghwa Telecom Co., Ltd.; C=TW","D99B104298594763F0B9A927B79269CB47DD158B","1E51942B84FD467BF77D1C89DA241C04254DC8F3EF4C22451FE7A89978BDCD4F","Server Authentication;Client Authentication;Code Signing;Document Signing;Encrypting File System;Secure Email;Time Stamping","2015 Nov 17","2037 Dec 31","RSA 4096 bits","SHA256WithRSA"
"Included","Department of Defence Australia","Australian Defence Public Root CA","CN=Australian Defence Public Root CA; OU=DoD, PKI, CAs; O=GOV; C=AU","A9CAFE9DFD67F4145AD397D0E2F3050D198DE6EE","209E956AF04DF3996507C887D356230D6EB49FDBDD2D8A058FF50B8F80F690AA","Server Authentication;Client Authentication;Code Signing;Encrypting File System;IP Security Tunnel Termination;IP Security User;Secure Email;Time Stamping;IP Security End System","2016 Nov 28","2036 Nov 28","RSA 2048 bits","SHA256WithRSA"
"Included","SSL.com","SSL.com EV Root Certification Authority ECC","CN=SSL.com EV Root Certification Authority ECC; O=SSL Corporation; L=Houston; ST=Texas; C=US","4CDD51A3D1F5203214B0C6C532230391C746426D","22A2C1F7BDED704CC1E701B5F408C310880FE956B5DE2A4A44F99C873A25A7C8","Server Authentication;Client Authentication;Code Signing;Document Signing;Encrypting File System;Secure Email;Time Stamping","2016 Feb 12","2041 Feb 12","EC secp384r1","ecdsaWithSHA256"
"Included","DigiCert","VeriSign Universal Root Certification Authority","CN=VeriSign Universal Root Certification Authority; OU=VeriSign Trust Network, (c) 2008 VeriSign, Inc. - For authorized use only; O=VeriSign, Inc.; C=US","3679CA35668772304D30A5FB873B0FA77BB70D54","2399561127A57125DE8CEFEA610DDF2FA078B5C8067F4E828290BFB860E84B3C","Server Authentication;Client Authentication;Code Signing;Secure Email;Time Stamping","2008 Apr 02","2037 Dec 01","RSA 2048 bits","SHA256WithRSA"
"Included","SECOM Trust Systems Co., Ltd.","Security Communication RootCA3","CN=Security Communication RootCA3; O=SECOM Trust Systems CO.,LTD.; C=JP","C303C8227492E561A29C5F79912B1E441391303A","24A55C2AB051442D0617766541239A4AD032D7C55175AA34FFDE2FBC4F5C5294","Server Authentication;Client Authentication;Code Signing;Document Signing;Encrypting File System;Secure Email;Time Stamping","2016 Jun 16","2038 Jan 18","RSA 4096 bits","SHA384WithRSA"
"Included","SSL.com","SSL.com Code Signing RSA Root CA 2022","CN=SSL.com Code Signing RSA Root CA 2022; O=SSL Corporation; C=US","D4695284CD1798D9CB1699464C064994C4E2BBFD","253E3CA36E37E867EE68867B997B9EC724DCC3161063AB0393B54F2BB7B6C315","Client Authentication;Code Signing;Time Stamping","2022 Aug 25","2046 Aug 19","RSA 4096 bits","SHA256WithRSA"
"Included","ComSign","ComSign Global Root CA","CN=ComSign Global Root CA; O=ComSign Ltd.; C=IL","AE3B31BF8FD891079CF1DF34CBCE6E70D37FB5B0","2605875AFCC176B2D66DD66A995D7F8D5EBB86CE120D0E7E9E7C6EF294A27D4C","Server Authentication;Client Authentication;OCSP Signing;Secure Email;Time Stamping","2011 Jul 18","2036 Jul 16","RSA 4096 bits","SHA256WithRSA"
"Included","DigiCert","DigiCert CS ECC P384 Root G5","CN=DigiCert CS ECC P384 Root G5; O=DigiCert, Inc.; C=US","843573112A3B319344E5E4ECABC9F26C7CD54D07","26C56AD2208D1E9B152F66853BF4797CBEB7552C1F3F477251E8CB1AE7E797BF","Code Signing;Time Stamping","2021 Jan 15","2046 Jan 14","EC secp384r1","ecdsaWithSHA384"
"Included","GlobalSign nv-sa","GlobalSign Code Signing Root E45","CN=GlobalSign Code Signing Root E45; O=GlobalSign nv-sa; C=BE","79AA505EDD09B321E36D57910A5DF5A9FB85CC57","26C6C5FD4928FD57A8A4C5724FDD279745869C60C338E262FFE901C31BD1DB2B","Code Signing","2020 Mar 18","2045 Mar 18","EC secp384r1","ecdsaWithSHA384"
"Included","Google Trust Services LLC","GTS Root R1","CN=GTS Root R1; O=Google Trust Services LLC; C=US","E1C950E6EF22F84C5645728B922060D7D5A7A3E8","2A575471E31340BC21581CBD2CF13E158463203ECE94BCF9D3CC196BF09A5472","Server Authentication;Client Authentication;Secure Email;Time Stamping","2016 Jun 22","2036 Jun 22","RSA 4096 bits","SHA384WithRSA"
"Included","Thailand National Root Certificate Authority (Electronic Transactions Development Agency)","Thailand National Root Certification Authority - G1","CN=Thailand National Root Certification Authority - G1; OU=Thailand National Root Certification Authority; O=Electronic Transactions Development Agency (Public Organization); C=TH","66F2DCFB3F814DDEE9B3206F11DEFE1BFBDFE132","2A8DA2F8D23E0CD3B5871ECFB0F42276CA73230667F474EEDE71C5EE32CC3EC6","Server Authentication;Client Authentication;Code Signing;Document Signing;Encrypting File System;Secure Email;Time Stamping","2013 Mar 27","2036 Mar 27","RSA 4096 bits","SHA512WithRSA"
"Included","Docaposte Certinomis SAS","Certinomis - Root CA","CN=Certinomis - Root CA; OU=0002 433998903; O=Certinomis; C=FR","9D70BB01A5A4A018112EF71C01B932C534E788A8","2A99F5BC1174B73CBB1D620884E01C34E51CCB3978DA125F0E33268883BF4158","Server Authentication;Client Authentication;Secure Email;Time Stamping","2013 Oct 21","2033 Oct 21","RSA 4096 bits","SHA256WithRSA"
"Included","GlobalSign nv-sa","GlobalSign Timestamping Root R45","CN=GlobalSign Timestamping Root R45; O=GlobalSign nv-sa; C=BE","139B1C712FD17C3CA5DA6E5701AFBA0158F9D45D","2BCBBFD66282C680491C8CD7735FDBBAB7A8079B127BEC60C535976834399AF7","Time Stamping","2020 Mar 18","2045 Mar 18","RSA 4096 bits","SHA384WithRSA"
"Included","GlobalSign nv-sa","GlobalSign","CN=GlobalSign; OU=GlobalSign Root CA - R6; O=GlobalSign","8094640EB5A7A1CA119C1FDDD59F810263A7FBD1","2CABEAFE37D06CA22ABA7391C0033D25982952C453647349763A3AB5AD6CCF69","Server Authentication;Client Authentication;Code Signing;Document Signing;Encrypting File System;OCSP Signing;Secure Email;Time Stamping","2014 Dec 10","2034 Dec 10","RSA 4096 bits","SHA384WithRSA"
"Included","GoDaddy","Starfield Root Certificate Authority - G2","CN=Starfield Root Certificate Authority - G2; O=Starfield Technologies, Inc.; L=Scottsdale; ST=Arizona; C=US","B51C067CEE2B0C3DF855AB2D92F4FE39D4E70F0E","2CE1CB0BF9D2F9E102993FBE215152C3B2DD0CABDE1C68E5319B839154DBB7F5","Server Authentication;Client Authentication;Code Signing;Encrypting File System;IP Security Tunnel Termination;IP Security User;Secure Email;Time Stamping","2009 Sep 01","2037 Dec 31","RSA 2048 bits","SHA256WithRSA"
"Included","SSL.com","SSL.com EV Root Certification Authority RSA R2","CN=SSL.com EV Root Certification Authority RSA R2; O=SSL Corporation; L=Houston; ST=Texas; C=US","743AF0529BD032A0F44A83CDD4BAA97B7C2EC49A","2E7BF16CC22485A7BBE2AA8696750761B0AE39BE3B2FE9D0CC6D4EF73491425C","Server Authentication;Client Authentication;Code Signing;Document Signing;Encrypting File System;Secure Email;Time Stamping","2017 May 31","2042 May 30","RSA 4096 bits","SHA256WithRSA"
"Included","IdenTrust Services, LLC","IdenTrust Public Sector Root CA 1","CN=IdenTrust Public Sector Root CA 1; O=IdenTrust; C=US","BA29416077983FF4F3EFF231053B2EEA6D4D45FD","30D0895A9A448A262091635522D1F52010B5867ACAE12C78EF958FD4F4389F2F","Server Authentication;Client Authentication;Document Signing;Encrypting File System;Secure Email;Time Stamping","2014 Jan 16","2034 Jan 16","RSA 4096 bits","SHA256WithRSA"
"Included","DigiCert","DigiCert Global Root G3","CN=DigiCert Global Root G3; OU=www.digicert.com; O=DigiCert Inc; C=US","7E04DE896A3E666D00E687D33FFAD93BE83D349E","31AD6648F8104138C738F39EA4320133393E3A18CC02296EF97C2AC9EF6731D0","Server Authentication;Client Authentication;Code Signing;Secure Email;Time Stamping","2013 Aug 01","2038 Jan 15","EC secp384r1","ecdsaWithSHA384"
"Included","SSL.com","SSL.com Root Certification Authority ECC","CN=SSL.com Root Certification Authority ECC; O=SSL Corporation; L=Houston; ST=Texas; C=US","C3197C3924E654AF1BC4AB20957AE2C30E13026A","3417BB06CC6007DA1B961C920B8AB4CE3FAD820E4AA30B9ACBC4A74EBDCEBC65","Server Authentication;Client Authentication;Code Signing;Document Signing;Encrypting File System;Secure Email;Time Stamping","2016 Feb 12","2041 Feb 12","EC secp384r1","ecdsaWithSHA256"
"Included","Saudi Data and Artificial Intelligence Authority (SDAIA)","Saudi National Root CA","OU=Saudi National Root CA; O=National Center for Digital Certification; C=SA","8351509B7DF8CFE87BAE62AEB9B03A52F4E62C79","34BB34E14FAED0D3392F2FC441C0ECD5FD88AD88118DF2D1BA76CDEC1EEA10B8","Server Authentication;Client Authentication;Secure Email;Time Stamping","2012 Apr 29","2029 Nov 29","RSA 2048 bits","SHA256WithRSA"
"Included","První certifikační autorita, a.s.","I.CA Root CA/ECC 05/2022","CN=I.CA Root CA/ECC 05/2022; O=První certifikační autorita, a.s.; C=CZ; OrganizationIdentifier=NTRCZ-26439395","702723132527203947E0A97829A0731372B03917","3808CE3E961CA532682FFB8708B544E8F175AA065601A45902DF92128FC38532","Client Authentication;Document Signing;Secure Email;Time Stamping","2022 May 03","2047 May 03","EC secp384r1","ecdsaWithSHA384"
"Included","Taiwan-CA Inc. (TWCA)","TWCA Global Root CA G2","CN=TWCA Global Root CA G2; OU=Root CA; O=TAIWAN-CA; C=TW","73FE922F836391FFC8C6C4DAD6202F6B072E7F1B","3A0072D49FFC04E996C59AEB75991D3C340F3615D6FD4DCE90AC0B3D88EAD4F4","Client Authentication;Document Signing;Secure Email;Time Stamping","2022 Nov 22","2047 Nov 22","RSA 4096 bits","SHA384WithRSA"
"Included","Microsec Ltd.","Microsec e-Szigno Root CA 2009","CN=Microsec e-Szigno Root CA 2009; O=Microsec Ltd.; L=Budapest; C=HU; EmailAddress=info@e-szigno.hu","89DF74FE5CF40F4A80F9E3377D54DA91E101318E","3C5F81FEA5FAB82C64BFA2EAECAFCDE8E077FC8620A7CAE537163DF36EDBF378","Server Authentication;Client Authentication;Code Signing;Encrypting File System;IP Security Tunnel Termination;IP Security User;Secure Email;Time Stamping","2009 Jun 16","2029 Dec 30","RSA 2048 bits","SHA256WithRSA"
"Included","Microsec Ltd.","e-Szigno TSA Root CA 2024","CN=e-Szigno TSA Root CA 2024; O=Microsec Ltd.; L=Budapest; C=HU","2FA44348E80E240ED04B685BE4DE792866955258","3D4FB84E009C3A6EDC4389DFE9BE9A22391DBD9ABA19417D0D2A9BA102F0BCC8","Time Stamping","2024 Jul 15","2039 Jul 14","RSA 4096 bits","SHA512WithRSA"
"Included","DigiCert","DigiCert Assured ID Root CA","CN=DigiCert Assured ID Root CA; OU=www.digicert.com; O=DigiCert Inc; C=US","0563B8630D62D75ABBC8AB1E4BDFB5A899B24D43","3E9099B5015E8F486C00BCEA9D111EE721FABA355A89BCF1DF69561E3DC6325C","Server Authentication;Client Authentication;Code Signing;Secure Email;Time Stamping","2006 Nov 10","2031 Nov 10","RSA 2048 bits","SHA1WithRSA"
"Included","e-commerce monitoring GmbH","GLOBALTRUST 2015","CN=GLOBALTRUST 2015; OU=GLOBALTRUST Certification Service; O=e-commerce monitoring GmbH; L=Wien; ST=Wien; C=AT","465B26BEBE7106DD8544C1139D9FA25700C1D7BD","416B1F9E84E74C1D19B23D8D7191C6AD81246E641601F599132729F507BEB3CC","Server Authentication;Client Authentication;Code Signing;Document Signing;Secure Email;Time Stamping","2015 Jun 11","2040 Jun 10","RSA 4096 bits","SHA256WithRSA"
"Included","OISTE","OISTE WISeKey Global Root GA CA","CN=OISTE WISeKey Global Root GA CA; OU=Copyright (c) 2005, OISTE Foundation Endorsed; O=WISeKey; C=CH","5922A1E15AEA163521F898396A4646B0441B0FA9","41C923866AB4CAD6B7AD578081582E020797A6CBDF4FFF78CE8396B38937D7F5","Server Authentication;Client Authentication;Code Signing;Secure Email;Time Stamping","2005 Dec 11","2037 Dec 11","RSA 2048 bits","SHA1WithRSA"
"Included","SSL.com","Secure Global CA","CN=Secure Global CA; O=SecureTrust Corporation; C=US","3A44735AE581901F248661461E3B9CC45FF53A1B","4200F5043AC8590EBB527D209ED1503029FBCBD41CA1B506EC27F15ADE7DAC69","Server Authentication;Client Authentication;Code Signing;Secure Email;Time Stamping","2006 Nov 07","2029 Dec 31","RSA 2048 bits","SHA1WithRSA"
"Included","DigiCert","DigiCert Global Root CA","CN=DigiCert Global Root CA; OU=www.digicert.com; O=DigiCert Inc; C=US","A8985D3A65E5E5C4B2D7D66D40C6DD2FB19C5436","4348A0E9444C78CB265E058D5E8944B4D84F9662BD26DB257F8934A443C70161","Server Authentication;Client Authentication;Code Signing;Secure Email;Time Stamping","2006 Nov 10","2031 Nov 10","RSA 2048 bits","SHA1WithRSA"
"Included","Sectigo","Entrust Root Certification Authority - G2","CN=Entrust Root Certification Authority - G2; OU=See www.entrust.net/legal-terms, (c) 2009 Entrust, Inc. - for authorized use only; O=Entrust, Inc.; C=US","8CF427FD790C3AD166068DE81E57EFBB932272D4","43DF5774B03E7FEF5FE40D931A7BEDF1BB2E6B42738C4E6D3841103D3AA7F339","Server Authentication;Client Authentication;Code Signing;Encrypting File System;IP Security Tunnel Termination;IP Security User;Secure Email;Time Stamping","2009 Jul 07","2030 Dec 07","RSA 2048 bits","SHA256WithRSA"
"Included","HARICA","Hellenic Academic and Research Institutions ECC RootCA 2015","CN=Hellenic Academic and Research Institutions ECC RootCA 2015; O=Hellenic Academic and Research Institutions Cert. Authority; L=Athens; C=GR","9FF1718D92D59AF37D7497B4BC6F84680BBAB666","44B545AA8A25E65A73CA15DC27FC36D24C1CB9953A066539B11582DC487B4833","Server Authentication;Client Authentication;Code Signing;Secure Email;Time Stamping","2015 Jul 07","2040 Jun 30","EC secp384r1","ecdsaWithSHA256"
"Included","GoDaddy","Go Daddy Root Certificate Authority - G2","CN=Go Daddy Root Certificate Authority - G2; O=GoDaddy.com, Inc.; L=Scottsdale; ST=Arizona; C=US","47BEABC922EAE80E78783462A79F45C254FDE68B","45140B3247EB9CC8C5B4F0D7B53091F73292089E6E5A63E2749DD3ACA9198EDA","Server Authentication;Client Authentication;Code Signing;Encrypting File System;IP Security Tunnel Termination;IP Security User;Secure Email;Time Stamping","2009 Sep 01","2037 Dec 31","RSA 2048 bits","SHA256WithRSA"
"Included","SECOM Trust Systems Co., Ltd.","SECOM Document Signing RSA Root CA 2023","CN=SECOM Document Signing RSA Root CA 2023; O=SECOM Trust Systems Co., Ltd.; C=JP; OrganizationIdentifier=NTRJP-4011001040781","FDD93B294972BA743A0C2E6ABCFA10050652A047","46219BBF9148F00E8B7A4C619B57CF7602701FF81348400718870FABD31FC5BE","Document Signing;Time Stamping","2023 Jan 25","2048 Jan 01","RSA 4096 bits","SHA384WithRSA"
"Included","eMudhra Technologies Limited","emSign Root CA - C2","CN=emSign Root CA - C2; OU=emSign PKI; O=eMudhra Inc; C=US","BCA2188074C3147E16F4C48C5910A89EF752F479","46CD083B47E80402028DF493960EA19C85FE851950D5165F1C7DA4FAA951E2F8","Code Signing;Time Stamping","2018 Feb 18","2043 Feb 18","RSA 4096 bits","SHA384WithRSA"
"Included","Sectigo","Sectigo Public Time Stamping Root R46","CN=Sectigo Public Time Stamping Root R46; O=Sectigo Limited; C=GB","52421AEAC424C2435E7F5355A30437A3B1745879","4941B001B8A97E961B7817C9D9E960EC4B056BFC915A8C1AABF6EF6B3AC046A5","Time Stamping","2021 Mar 22","2046 Mar 21","RSA 4096 bits","SHA384WithRSA"
"Included","D-Trust","D-TRUST Root Class 3 CA 2 2009","CN=D-TRUST Root Class 3 CA 2 2009; O=D-Trust GmbH; C=DE","58E8ABB0361533FB80F79B1B6D29D3FF8D5F00F0","49E7A442ACF0EA6287050054B52564B650E4F49E42E348D6AA38E039E957B1C1","Server Authentication;Client Authentication;Code Signing;Secure Email;Time Stamping","2009 Nov 05","2029 Nov 05","RSA 2048 bits","SHA256WithRSA"
"Included","Sectigo","USERTrust ECC Certification Authority","CN=USERTrust ECC Certification Authority; O=The USERTRUST Network; L=Jersey City; ST=New Jersey; C=US","D1CBCA5DB2D52A7F693B674DE5F05A1D0C957DF0","4FF460D54B9C86DABFBCFC5712E0400D2BED3FBC4D4FBDAA86E06ADCD2A9AD7A","Server Authentication;Client Authentication;Code Signing;Encrypting File System;IP Security Tunnel Termination;IP Security User;Secure Email;Time Stamping","2010 Feb 01","2038 Jan 18","EC secp384r1","ecdsaWithSHA384"
"Included","SECOM Trust Systems Co., Ltd.","Security Communication RootCA2","OU=Security Communication RootCA2; O=SECOM Trust Systems CO.,LTD.; C=JP","5F3B8CF2F810B37D78B4CEEC1919C37334B9C774","513B2CECB810D4CDE5DD85391ADFC6C2DD60D87BB736D2B521484AA47A0EBEF6","Server Authentication;Client Authentication;Code Signing;Secure Email;Time Stamping","2009 May 29","2029 May 29","RSA 2048 bits","SHA256WithRSA"
"Included","Sectigo","COMODO RSA Certification Authority","CN=COMODO RSA Certification Authority; O=COMODO CA Limited; L=Salford; ST=Greater Manchester; C=GB","AFE5D244A8D1194230FF479FE2F897BBCD7A8CB4","52F0E1C4E58EC629291B60317F074671B85D7EA80D5B07273463534B32B40234","Server Authentication;Client Authentication;Code Signing;Encrypting File System;IP Security Tunnel Termination;IP Security User;Secure Email;Time Stamping","2010 Jan 19","2038 Jan 18","RSA 4096 bits","SHA384WithRSA"
"Included","Microsoft Corporation","Microsoft Identity Verification Root Certificate Authority 2020","CN=Microsoft Identity Verification Root Certificate Authority 2020; O=Microsoft Corporation; C=US","F40042E2E5F7E8EF8189FED15519AECE42C3BFA2","5367F20C7ADE0E2BCA790915056D086B720C33C1FA2A2661ACF787E3292E1270","Code Signing;Time Stamping","2020 Apr 16","2045 Apr 16","RSA 4096 bits","SHA384WithRSA"
"Included","DigiCert","DigiCert Trusted Root G4","CN=DigiCert Trusted Root G4; OU=www.digicert.com; O=DigiCert Inc; C=US","DDFB16CD4931C973A2037D3FC83A4D7D775D05E4","552F7BDCF1A7AF9E6CE672017F4F12ABF77240C78E761AC203D1D9D20AC89988","Server Authentication;Client Authentication;Code Signing;Secure Email;Time Stamping","2013 Aug 01","2038 Jan 15","RSA 4096 bits","SHA384WithRSA"
"Included","SSL.com","Trustwave Global ECC P384 Certification Authority","CN=Trustwave Global ECC P384 Certification Authority; O=Trustwave Holdings, Inc.; L=Chicago; ST=Illinois; C=US","E7F3A3C8CF6FC3042E6D0E6732C59E68950D5ED2","55903859C8C0C3EBB8759ECE4E2557225FF5758BBD38EBD48276601E1BD58097","Server Authentication;Client Authentication;Code Signing;Secure Email;Time Stamping","2017 Aug 23","2042 Aug 23","EC secp384r1","ecdsaWithSHA384"
"Included","Actalis","Actalis Authentication Root CA","CN=Actalis Authentication Root CA; O=Actalis S.p.A./03358520967; L=Milan; C=IT","F373B387065A28848AF2F34ACE192BDDC78E9CAC","55926084EC963A64B96E2ABE01CE0BA86A64FBFEBCC7AAB5AFC155B37FD76066","Server Authentication;Client Authentication;Code Signing;Secure Email;Time Stamping","2011 Sep 22","2030 Sep 22","RSA 4096 bits","SHA256WithRSA"
"Included","Amazon Trust Services","Starfield Services Root Certificate Authority - G2","CN=Starfield Services Root Certificate Authority - G2; O=Starfield Technologies, Inc.; L=Scottsdale; ST=Arizona; C=US","925A8F8D2C6D04E0665F596AFF22D863E8256F3F","568D6905A2C88708A4B3025190EDCFEDB1974A606A13C6E5290FCB2AE63EDAB5","Server Authentication;Client Authentication;Code Signing;Encrypting File System;IP Security Tunnel Termination;IP Security User;Secure Email;Time Stamping","2009 Sep 01","2037 Dec 31","RSA 2048 bits","SHA256WithRSA"
"Included","Taiwan-CA Inc. (TWCA)","TWCA Global Root CA","CN=TWCA Global Root CA; OU=Root CA; O=TAIWAN-CA; C=TW","9CBB4853F6A4F6D352A4E83252556013F5ADAF65","59769007F7685D0FCD50872F9F95D5755A5B2B457D81F3692B610A98672F0E1B","Server Authentication;Code Signing;Secure Email","2012 Jun 27","2030 Dec 31","RSA 4096 bits","SHA256WithRSA"
"Included","Financijska agencija (Fina)","Fina Root CA","CN=Fina Root CA; O=Financijska agencija; C=HR","6202BF169AF27FA67ED0CEC66B782B83226126E9","5AB4FCDB180B5B6AF0D262A2375A2C77D25602015D96648756611E2E78C53AD3","Server Authentication;Client Authentication;Secure Email;Time Stamping","2015 Nov 24","2035 Nov 24","RSA 4096 bits","SHA256WithRSA"
"Included","Microsec Ltd.","e-Szigno CodeSigning Root CA 2024","CN=e-Szigno CodeSigning Root CA 2024; O=Microsec Ltd.; L=Budapest; C=HU","B35EE3450B45E7C7105EA963107892428ED26E0E","5AF98353650C2AC49961F51883600AE5C61101035CDD7782822322127FACEC6D","Code Signing","2024 Jul 15","2039 Jul 14","RSA 4096 bits","SHA512WithRSA"
"Included","Actalis","Actalis Time Stamping ECC Root CA 2025","CN=Actalis Time Stamping ECC Root CA 2025; O=Actalis S.p.A.; C=IT","803870B772D138CE19F16BF50557BCAA5437C72E","5BB2824AA8D9068FD87E4713434B9EF543669DC95BA9080E7C9B6682333482FE","Time Stamping","2025 Feb 28","2050 Feb 22","EC secp384r1","ecdsaWithSHA384"
"Included","Asseco Data Systems S.A.","Certum Trusted Network CA","CN=Certum Trusted Network CA; OU=Certum Certification Authority; O=Unizeto Technologies S.A.; C=PL","07E032E020B72C3F192F0628A2593A19A70F069E","5C58468D55F58E497E743982D2B50010B6D165374ACF83A7D4A32DB768C4408E","Server Authentication;Client Authentication;Code Signing;Encrypting File System;IP Security Tunnel Termination;IP Security User;Secure Email;Time Stamping","2008 Oct 22","2029 Dec 31","RSA 2048 bits","SHA1WithRSA"
"Included","China Financial Certification Authority (CFCA)","CFCA EV ROOT","CN=CFCA EV ROOT; O=China Financial Certification Authority; C=CN","E2B8294B5584AB6B58C290466CAC3FB8398F8483","5CC3D78E4E1D5E45547A04E6873E64F90CF9536D1CCC2EF800F355C4C5FD70FD","Server Authentication;Client Authentication;Code Signing;Encrypting File System;IP Security Tunnel Termination;IP Security User;OCSP Signing;Secure Email;Time Stamping","2012 Aug 08","2029 Dec 31","RSA 4096 bits","SHA256WithRSA"
"Included","IdenTrust Services, LLC","IdenTrust Commercial Root CA 1","CN=IdenTrust Commercial Root CA 1; O=IdenTrust; C=US","DF717EAA4AD94EC9558499602D48DE5FBCF03A25","5D56499BE4D2E08BCFCAD08A3E38723D50503BDE706948E42F55603019E528AE","Server Authentication;Client Authentication;Code Signing;Document Signing;Encrypting File System;Secure Email;Time Stamping","2014 Jan 16","2034 Jan 16","RSA 4096 bits","SHA256WithRSA"
"Included","e-commerce monitoring GmbH","GLOBALTRUST","CN=GLOBALTRUST; OU=GLOBALTRUST Certification Service; O=ARGE DATEN - Austrian Society for Data Protection; L=Vienna; ST=Austria; C=AT; EmailAddress=info@globaltrust.info","342CD9D3062DA48C346965297F081EBC2EF68FDC","5E3571F33F45A7DF1537A68B5FFB9E036AF9D2F5BC4C9717130DC43D7175AAC7","Server Authentication;Client Authentication;Code Signing;Document Signing;Encrypting File System;IP Security IKE Intermediate;IP Security Tunnel Termination;IP Security User;OCSP Signing;Secure Email;Time Stamping","2006 Aug 07","2036 Sep 18","RSA 4096 bits","SHA1WithRSA"
"Included","MULTICERT","MULTICERT Root Certification Authority 01","CN=MULTICERT Root Certification Authority 01; O=MULTICERT - Serviços de Certificação Electrónica S.A.; C=PT","46AF7A31B599460D469D6041145B13651DF9170A","604D32D036895AED3BFEFAEB727C009EC0F2B3CDFA42A1C71730E6A72C3BE9D4","Server Authentication;Client Authentication;Code Signing;Document Signing;Encrypting File System;Secure Email;Time Stamping","2014 Apr 04","2039 Apr 04","RSA 4096 bits","SHA256WithRSA"
"Included","SwissSign AG","SwissSign Gold CA - G2","CN=SwissSign Gold CA - G2; O=SwissSign AG; C=CH","D8C5388AB7301B1B6ED47AE645253A6F9F1A2761","62DD0BE9B9F50A163EA0F8E75C053B1ECA57EA55C8688F647C6881F2C8357B95","Server Authentication;Client Authentication;Code Signing;Secure Email","2006 Oct 25","2036 Oct 25","RSA 4096 bits","SHA1WithRSA"
"Included","Netrust Pte Ltd","Netrust Root CA 2","CN=Netrust Root CA 2; OU=Netrust Certificate Authority; O=Netrust Pte Ltd; C=SG","0AB5C3CD7448B86D711E77A549838B87CE525F7F","65353833CF234C79562164F90849C0D104DBABF8EE41064D83E8CBE03BA1C5A5","Server Authentication;Client Authentication;IP Security IKE Intermediate;IP Security Tunnel Termination;IP Security User;OCSP Signing;Secure Email;Time Stamping","2016 Sep 01","2041 Sep 01","RSA 4096 bits","SHA256WithRSA"
"Included","DigiCert","Verizon Global Root CA","CN=Verizon Global Root CA; OU=OmniRoot; O=Verizon Business; C=US","912198EEF23DCAC40939312FEE97DD560BAE49B1","68AD50909B04363C605EF13581A939FF2C96372E3F12325B0A6861E1D59F6603","Server Authentication;Client Authentication;Code Signing;Secure Email;Time Stamping","2009 Jul 30","2034 Jul 30","RSA 2048 bits","SHA256WithRSA"
"Included","Asseco Data Systems S.A.","Certum EC-384 CA","CN=Certum EC-384 CA; OU=Certum Certification Authority; O=Asseco Data Systems S.A.; C=PL","F33E783CACDFF4A2CCAC67556956D7E5163CE1ED","6B328085625318AA50D173C98D8BDA09D57E27413D114CF787A0F5D06C030CF6","Server Authentication;Client Authentication;Code Signing;Secure Email;Time Stamping","2018 Mar 26","2043 Mar 26","EC secp384r1","ecdsaWithSHA384"
"Included","OISTE","OISTE WISeKey Global Root GB CA","CN=OISTE WISeKey Global Root GB CA; OU=OISTE Foundation Endorsed; O=WISeKey; C=CH","0FF9407618D3D76A4B98F0A8359E0CFD27ACCCED","6B9C08E86EB0F767CFAD65CD98B62149E5494A67F5845E7BD1ED019F27B86BD6","Server Authentication;Client Authentication;Code Signing;Secure Email;Time Stamping","2014 Dec 01","2039 Dec 01","RSA 2048 bits","SHA256WithRSA"
"Included","NETLOCK","NetLock Arany (Class Gold) Főtanúsítvány","CN=NetLock Arany (Class Gold) Főtanúsítvány; OU=Tanúsítványkiadók (Certification Services); O=NetLock Kft.; L=Budapest; C=HU","06083F593F15A104A069A46BA903D006B7970991","6C61DAC3A2DEF031506BE036D2A6FE401994FBD13DF9C8D466599274C446EC98","Server Authentication;Client Authentication;Code Signing;Encrypting File System;IP Security Tunnel Termination;IP Security User;Secure Email;Time Stamping","2008 Dec 11","2028 Dec 06","RSA 2048 bits","SHA256WithRSA"
"Included","Sectigo","Entrust.net Certification Authority (2048)","CN=Entrust.net Certification Authority (2048); OU=www.entrust.net/CPS_2048 incorp. by ref. (limits liab.), (c) 1999 Entrust.net Limited; O=Entrust.net","503006091D97D4F5AE39F7CBE7927D7D652D3431","6DC47172E01CBCB0BF62580D895FE2B8AC9AD4F873801E0C10B9C837D21EB177","Server Authentication;Client Authentication;Code Signing;Encrypting File System;IP Security Tunnel Termination;IP Security User;Secure Email;Time Stamping","1999 Dec 24","2029 Jul 24","RSA 2048 bits","SHA1WithRSA"
"Included","Swiss BIT, Swiss Federal Office of Information Technology, Systems and Telecommunication (FOITT)","Swiss Government Root CA I","CN=Swiss Government Root CA I; OU=Services, Certification Authorities; O=The Federal Authorities of the Swiss Confederation; C=CH","A1585187156586CEF9C454E22AB15C58745607B4","6EC6614E9A8EFD47D6318FFDFD0BF65B493A141F77C38D0B319BE1BBBC053DD2","Server Authentication;Client Authentication;Code Signing;Encrypting File System;IP Security Tunnel Termination;IP Security User;Secure Email;Time Stamping","2011 Feb 15","2035 Feb 15","RSA 4096 bits","SHA256WithRSA"
"Included","Entrust","AffirmTrust Premium","CN=AffirmTrust Premium; O=AffirmTrust; C=US","D8A6332CE0036FB185F6634F7D6A066526322827","70A73F7F376B60074248904534B11482D5BF0E698ECC498DF52577EBF2E93B9A","Server Authentication;Client Authentication;Code Signing;Encrypting File System;IP Security Tunnel Termination;IP Security User;Secure Email;Time Stamping","2010 Jan 29","2040 Dec 31","RSA 4096 bits","SHA384WithRSA"
"Included","Google Trust Services LLC","GTS Root R4","CN=GTS Root R4; O=Google Trust Services LLC; C=US","2A1D6027D94AB10A1C4D915CCD33A0CB3E2D54CB","71CCA5391F9E794B04802530B363E121DA8A3043BB26662FEA4DCA7FC951A4BD","Server Authentication;Client Authentication;Secure Email;Time Stamping","2016 Jun 22","2036 Jun 22","EC secp384r1","ecdsaWithSHA384"
"Included","DigiCert","DigiCert CS RSA4096 Root G5","CN=DigiCert CS RSA4096 Root G5; O=DigiCert, Inc.; C=US","5EEED86FA37C675230642F55C84DDBF67CD33C80","7353B6D6C2D6DA4247773F3F07D075DECB5134212BEAD0928EF1F46115260941","Code Signing;Time Stamping","2021 Jan 15","2046 Jan 14","RSA 4096 bits","SHA384WithRSA"
"Included","Sectigo","Entrust Root Certification Authority","CN=Entrust Root Certification Authority; OU=www.entrust.net/CPS is incorporated by reference, (c) 2006 Entrust, Inc.; O=Entrust, Inc.; C=US","B31EB1B740E36C8402DADC37D44DF5D4674952F9","73C176434F1BC6D5ADF45B0E76E727287C8DE57616C1E6E6141A2B2CBC7D8E4C","Server Authentication;Client Authentication;Code Signing;Encrypting File System;IP Security IKE Intermediate;IP Security Tunnel Termination;IP Security User;Secure Email;Time Stamping","2006 Nov 27","2026 Nov 27","RSA 2048 bits","SHA1WithRSA"
"Included","DigiCert","DigiCert High Assurance EV Root CA","CN=DigiCert High Assurance EV Root CA; OU=www.digicert.com; O=DigiCert Inc; C=US","5FB7EE0633E259DBAD0C4C9AE6D38F1A61C7DC25","7431E5F4C3C1CE4690774F0B61E05440883BA9A01ED00BA6ABD7806ED3B118CF","Server Authentication;Client Authentication;Code Signing;Secure Email;Time Stamping","2006 Nov 10","2031 Nov 10","RSA 2048 bits","SHA1WithRSA"
"Included","eMudhra Technologies Limited","emSign Root TSA CA - G3","CN=emSign Root TSA CA - G3; O=eMudhra Technologies Limited; C=IN","49A2493755861F9AE1AFB9438E3519BA9135A75F","75D2CE75979CF2A43B172C9F89F733DDA2136031DB4BBF3698B053714C077155","Time Stamping","2024 Feb 08","2049 Feb 07","EC secp384r1","ecdsaWithSHA384"
"Included","DigiCert","QuoVadis Signing ECC P384 Root G4","CN=QuoVadis Signing ECC P384 Root G4; O=QuoVadis Trustlink B.V.; C=NL","FF54E2961172CEDA5A4C97494F1B5D0DF0F17D6F","771535D43D4633BD307EB7B8A3966B5DF00707C088089920080C1AE6D3CB0F68","Client Authentication;Document Signing;Secure Email;Time Stamping","2023 Mar 16","2048 Mar 09","EC secp384r1","ecdsaWithSHA384"
"Included","HARICA","HARICA Code Signing ECC Root CA 2021","CN=HARICA Code Signing ECC Root CA 2021; O=Hellenic Academic and Research Institutions CA; C=GR","E436E537B71342B62E8E00305AD9A3D1D73347E9","794E774638CE7B3CF05EBC8967CF47315316C351DC26387476E0C099C2ED47CC","Code Signing;Time Stamping","2021 Feb 19","2045 Feb 13","EC secp384r1","ecdsaWithSHA384"
"Included","GlobalSign nv-sa","GlobalSign Code Signing Root R45","CN=GlobalSign Code Signing Root R45; O=GlobalSign nv-sa; C=BE","4EFC31460C619ECAE59C1BCE2C008036D94C84B8","7B9D553E1C92CB6E8803E137F4F287D4363757F5D44B37D52F9FCA22FB97DF86","Code Signing","2020 Mar 18","2045 Mar 18","RSA 4096 bits","SHA384WithRSA"
"Included","IdenTrust Services, LLC","IdenTrust Commercial Root Timestamp ECC CA 2","CN=IdenTrust Commercial Root Timestamp ECC CA 2; O=IdenTrust; C=US","29A8332B0C37793270404ED57942F557E2B30796","7BA2E6514976AF28A6001CDA8EADE532F7A1AAAF25E4731DF8A04DB00E7801CA","Time Stamping","2024 Apr 11","2044 Apr 10","EC secp521r1","ecdsaWithSHA512"
"Included","DigiCert","DigiCert Assured ID Root G2","CN=DigiCert Assured ID Root G2; OU=www.digicert.com; O=DigiCert Inc; C=US","A14B48D943EE0A0E40904F3CE0A4C09193515D3F","7D05EBB682339F8C9451EE094EEBFEFA7953A114EDB2F44949452FAB7D2FC185","Server Authentication;Client Authentication;Code Signing;Secure Email;Time Stamping","2013 Aug 01","2038 Jan 15","RSA 2048 bits","SHA256WithRSA"
"Included","DigiCert","DigiCert Assured ID Root G3","CN=DigiCert Assured ID Root G3; OU=www.digicert.com; O=DigiCert Inc; C=US","F517A24F9A48C6C9F8A200269FDC0F482CAB3089","7E37CB8B4C47090CAB36551BA6F45DB840680FBA166A952DB100717F43053FC2","Server Authentication;Client Authentication;Code Signing;Secure Email;Time Stamping","2013 Aug 01","2038 Jan 15","EC secp384r1","ecdsaWithSHA384"
"Included","Sectigo","Sectigo Public Code Signing Root R46","CN=Sectigo Public Code Signing Root R46; O=Sectigo Limited; C=GB","CCBBF9E1485AF63CE47ABF8E9E648C2504FC319D","7E76260AE69A55D3F060B0FD18B2A8C01443C87B60791030C9FA0B0585101A38","Code Signing","2021 Mar 22","2046 Mar 21","RSA 4096 bits","SHA384WithRSA"
"Included","Actalis","Actalis Code Signing ECC Root CA 2025","CN=Actalis Code Signing ECC Root CA 2025; O=Actalis S.p.A.; C=IT","9CAFF3013501103376EB4D29A3B693F1A40CAD57","7EF55518DE6350C3CC618A9837CBAD65DDB6EEF652F79DA71C69F6B8919D3A12","Code Signing","2025 Feb 28","2050 Feb 22","EC secp384r1","ecdsaWithSHA384"
"Included","OISTE","OISTE WISeKey Global Root GC CA","CN=OISTE WISeKey Global Root GC CA; OU=OISTE Foundation Endorsed; O=WISeKey; C=CH","E011845E34DEBE8881B99CF61626D1961FC3B931","8560F91C3624DABA9570B5FEA0DBE36FF11A8323BE9486854FB3F34A5571198D","Server Authentication;Client Authentication;Code Signing;Document Signing;Encrypting File System;Secure Email;Time Stamping","2017 May 09","2042 May 09","EC secp384r1","ecdsaWithSHA384"
"Included","SSL.com","SSL.com Root Certification Authority RSA","CN=SSL.com Root Certification Authority RSA; O=SSL Corporation; L=Houston; ST=Texas; C=US","B7AB3308D1EA4477BA1480125A6FBDA936490CBB","85666A562EE0BE5CE925C1D8890A6F76A87EC16D4D7D5F29EA7419CF20123B69","Server Authentication;Client Authentication;Code Signing;Document Signing;Encrypting File System;Secure Email;Time Stamping","2016 Feb 12","2041 Feb 12","RSA 4096 bits","SHA256WithRSA"
"Included","DigiCert","QuoVadis Root CA 2","CN=QuoVadis Root CA 2; O=QuoVadis Limited; C=BM","CA3AFBCF1240364B44B216208880483919937CF7","85A0DD7DD720ADB7FF05F83D542B209DC7FF4528F7D677B18389FEA5E5C49E86","Server Authentication;Client Authentication;Code Signing;OCSP Signing;Secure Email;Time Stamping","2006 Nov 24","2031 Nov 24","RSA 4096 bits","SHA1WithRSA"
"Included","eMudhra Technologies Limited","emSign ECC Root CA - G3","CN=emSign ECC Root CA - G3; OU=emSign PKI; O=eMudhra Technologies Limited; C=IN","3043FA4FF257DCA0C380EE2E58EA78B23FE6BBC1","86A1ECBA089C4A8D3BBE2734C612BA341D813E043CF9E8A862CD5C57A36BBE6B","Server Authentication;Client Authentication;Code Signing;Document Signing;Secure Email;Time Stamping","2018 Feb 18","2043 Feb 18","EC secp384r1","ecdsaWithSHA384"
"Included","Consorci Administració Oberta de Catalunya (Consorci AOC, CATCert)","EC-ACC","CN=EC-ACC; OU=Serveis Publics de Certificacio, Vegeu https://www.catcert.net/verarrel (c)03, Jerarquia Entitats de Certificacio Catalanes; O=Agencia Catalana de Certificacio (NIF Q-0801176-I); C=ES","28903A635B5280FAE6774C0B6DA7D6BAA64AF2E8","88497F01602F3154246AE28C4D5AEF10F1D87EBB76626F4AE0B7F95BA7968799","Server Authentication;Client Authentication;Code Signing;OCSP Signing;Secure Email;Time Stamping","2003 Jan 07","2031 Jan 07","RSA 2048 bits","SHA1WithRSA"
"Included","DigiCert","QuoVadis Root CA 3 G3","CN=QuoVadis Root CA 3 G3; O=QuoVadis Limited; C=BM","4812BD923CA8C43906E7306D2796E6A4CF222E7D","88EF81DE202EB018452E43F864725CEA5FBD1FC2D9D205730709C5D8B8690F46","Server Authentication;Client Authentication;Code Signing;OCSP Signing;Secure Email;Time Stamping","2012 Jan 12","2042 Jan 12","RSA 4096 bits","SHA256WithRSA"
"Included","DigiCert","QuoVadis Root CA 1 G3","CN=QuoVadis Root CA 1 G3; O=QuoVadis Limited; C=BM","1B8EEA5796291AC939EAB80A811A7373C0937967","8A866FD1B276B57E578E921C65828A2BED58E9F2F288054134B7F1F4BFC9CC74","Server Authentication;Client Authentication;Code Signing;OCSP Signing;Secure Email;Time Stamping","2012 Jan 12","2042 Jan 12","RSA 4096 bits","SHA256WithRSA"
"Included","Amazon Trust Services","Amazon Root CA 1","CN=Amazon Root CA 1; O=Amazon; C=US","8DA7F965EC5EFC37910F1C6E59FDC1CC6A6EDE16","8ECDE6884F3D87B1125BA31AC3FCB13D7016DE7F57CC904FE1CB97C6AE98196E","Server Authentication;Client Authentication;Document Signing;Encrypting File System;Secure Email;Time Stamping","2015 May 26","2038 Jan 17","RSA 2048 bits","SHA256WithRSA"
"Included","Sectigo","Sectigo Public Code Signing Root E46","CN=Sectigo Public Code Signing Root E46; O=Sectigo Limited; C=GB","BBEF5C4C11489770F586FB307D143291307F119A","8F6371D8CC5AA7CA149667A98B5496398951E4319F7AFBCC6A660D673E438D0B","Code Signing","2021 Mar 22","2046 Mar 21","EC secp384r1","ecdsaWithSHA384"
"Included","Government of Sweden (Försäkringskassan)","Swedish Government Root Authority v3","CN=Swedish Government Root Authority v3; O=Swedish Social Insurance Agency; C=SE","746F88F9AC163C53009EEF920C4067756A15717E","8F9ADB6D895DAB5ADF5C3D3FAB83927BE0FB64EF82485C62280D584E8BD55D22","Server Authentication;Client Authentication;Code Signing;Document Signing;Encrypting File System;Secure Email;Time Stamping","2015 Sep 29","2040 Sep 29","RSA 4096 bits","SHA256WithRSA"
"Included","DigiCert","QuoVadis Root CA 2 G3","CN=QuoVadis Root CA 2 G3; O=QuoVadis Limited; C=BM","093C61F38B8BDC7D55DF7538020500E125F5C836","8FE4FB0AF93A4D0D67DB0BEBB23E37C71BF325DCBCDD240EA04DAF58B47E1840","Server Authentication;Client Authentication;Code Signing;OCSP Signing;Secure Email;Time Stamping","2012 Jan 12","2042 Jan 12","RSA 4096 bits","SHA256WithRSA"
"Included","DigiCert","VeriSign Class 2 Public Primary Certification Authority - G3","CN=VeriSign Class 2 Public Primary Certification Authority - G3; OU=VeriSign Trust Network, (c) 1999 VeriSign, Inc. - For authorized use only; O=VeriSign, Inc.; C=US","61EF43D77FCAD46151BC98E0C35912AF9FEB6311","92A9D9833FE1944DB366E8BFAE7A95B6480C2D6C6C2A1BE65D4236B608FCA1BB","Client Authentication;Code Signing;Secure Email","1999 Oct 01","2036 Jul 16","RSA 2048 bits","SHA1WithRSA"
"Included","SSL.com","Trustwave Global ECC P256 Certification Authority","CN=Trustwave Global ECC P256 Certification Authority; O=Trustwave Holdings, Inc.; L=Chicago; ST=Illinois; C=US","B49082DD450CBE8B5BB166D3E2A40826CDED42CF","945BBC825EA554F489D1FD51A73DDF2EA624AC7019A05205225C22A78CCFA8B4","Server Authentication;Client Authentication;Code Signing;Secure Email;Time Stamping","2017 Aug 23","2042 Aug 23","EC secp256r1","ecdsaWithSHA256"
"Included","SSL.com","Trustwave Global Certification Authority","CN=Trustwave Global Certification Authority; O=Trustwave Holdings, Inc.; L=Chicago; ST=Illinois; C=US","2F8F364FE1589744215987A52A9AD06995267FB5","97552015F5DDFC3C8788C006944555408894450084F100867086BC1A2BB58DC8","Server Authentication;Client Authentication;Code Signing;Secure Email;Time Stamping","2017 Aug 23","2042 Aug 23","RSA 4096 bits","SHA256WithRSA"
"Included","Consejo General de la Abogacía Española","ACA ROOT","CN=ACA ROOT; O=CONSEJO GENERAL DE LA ABOGACIA; C=ES; SerialNumber=Q2863006I","D496592B305707386CC5F3CDB259AE66D7661FCA","97F654859CBDE586FD90311E82EC7902C238CBA0D6E529564C9C88F44895EC50","Server Authentication;Client Authentication;Code Signing;Secure Email;Time Stamping","2016 May 27","2041 May 27","RSA 4096 bits","SHA256WithRSA"
"Included","Buypass","Buypass Class 2 Root CA","CN=Buypass Class 2 Root CA; O=Buypass AS-983163327; C=NO","490A7574DE870A47FE58EEF6C76BEBC60B124099","9A114025197C5BB95D94E63D55CD43790847B646B23CDF11ADA4A00EFF15FB48","Server Authentication;Client Authentication;Encrypting File System;IP Security Tunnel Termination;IP Security User;OCSP Signing;Secure Email;Time Stamping","2010 Oct 26","2040 Oct 26","RSA 4096 bits","SHA256WithRSA"
"Included","e-commerce monitoring GmbH","GLOBALTRUST 2020","CN=GLOBALTRUST 2020; O=e-commerce monitoring GmbH; C=AT","D067C11351010CAAD0C76A65373116264F5371A2","9A296A5182D1D451A2E37F439B74DAAFA267523329F90F9A0D2007C334E23C9A","Server Authentication;Client Authentication;Code Signing;Document Signing;Secure Email;Time Stamping","2020 Feb 10","2040 Jun 10","RSA 4096 bits","SHA256WithRSA"
"Included","Government of India, Ministry of Communications & Information Technology, Controller of Certifying Authorities (CCA)","CCA India 2022","CN=CCA India 2022; O=India PKI; C=IN","A79E41380BAB3ED7F5188D9A5209CEFCB3CA6991","9A3FD3176798E842DDCB12C262F11CFACCA70A8B84C6EA6FDA30842A95A94CD8","Client Authentication;Document Signing;Secure Email;Time Stamping","2022 Feb 02","2042 Feb 02","RSA 4096 bits","SHA256WithRSA"
"Included","Government of Spain, Autoritat de Certificació de la Comunitat Valenciana (ACCV)","ACCVRAIZ1","CN=ACCVRAIZ1; OU=PKIACCV; O=ACCV; C=ES","93057A8815C64FCE882FFA9116522878BC536417","9A6EC012E1A7DA9DBE34194D478AD7C0DB1822FB071DF12981496ED104384113","Server Authentication;Client Authentication;Code Signing;Secure Email","2011 May 05","2030 Dec 31","RSA 4096 bits","SHA1WithRSA"
"Included","Shanghai Electronic Certification Authority Co., Ltd.","UCA Global G2 Root","CN=UCA Global G2 Root; O=UniTrust; C=CN","28F97816197AFF182518AA44FEC1A0CE5CB64C8A","9BEA11C976FE014764C1BE56A6F914B5A560317ABD9988393382E5161AA0493C","Server Authentication;Client Authentication;Code Signing;Document Signing;Secure Email;Time Stamping","2016 Mar 11","2040 Dec 31","RSA 4096 bits","SHA256WithRSA"
"Included","DigiCert","QuoVadis Signing RSA 4096 Root G4","CN=QuoVadis Signing RSA 4096 Root G4; O=QuoVadis Trustlink B.V.; C=NL","225E108F13B93E35B5C4C7BCA6A11F750EAE5037","9F8E6DB31E740285E0C2C2DEB09E442BDD4E74BDEEAE2962BC82D1ECB9F39855","Client Authentication;Document Signing;Secure Email;Time Stamping","2023 Mar 16","2048 Mar 09","RSA 4096 bits","SHA384WithRSA"
"Included","HARICA","Hellenic Academic and Research Institutions RootCA 2015","CN=Hellenic Academic and Research Institutions RootCA 2015; O=Hellenic Academic and Research Institutions Cert. Authority; L=Athens; C=GR","010C0695A6981914FFBF5FC6B0B695EA29E912A6","A040929A02CE53B4ACF4F2FFC6981CE4496F755E6D45FE0B2A692BCD52523F36","Server Authentication;Client Authentication;Code Signing;Document Signing;Secure Email;Time Stamping","2015 Jul 07","2040 Jun 30","RSA 4096 bits","SHA256WithRSA"
"Included","Notarius","Notarius Root Certificate Authority","CN=Notarius Root Certificate Authority; O=Notarius Inc; C=CA","B1C3AC0977AAF147E5821A87F8DA32226A210693","AAA15BDDB1C924AD7A7F22F89E5CD3E2C61407A064E011B7CF4CB618716449A4","Client Authentication;Document Signing;Secure Email;Time Stamping","2021 May 17","2036 May 17","RSA 4096 bits","SHA256WithRSA"
"Included","PostSignum","PostSignum Root QCA 4","CN=PostSignum Root QCA 4; O=Česká pošta, s.p.; C=CZ; OrganizationIdentifier=NTRCZ-47114983","AA40D2579BA82424CD27719B1D6B1F3571738099","AC7F7862E685C7A7D9826A58EA32D183D4893FCC8F8FD6D900C9769A987E77F0","Server Authentication;Client Authentication;Document Signing;OCSP Signing;Secure Email;Time Stamping","2018 Jul 26","2038 Jul 26","RSA 4096 bits","SHA512WithRSA"
"Included","Asseco Data Systems S.A.","Certum Trusted Network CA 2","CN=Certum Trusted Network CA 2; OU=Certum Certification Authority; O=Unizeto Technologies S.A.; C=PL","D3DD483E2BBF4C05E8AF10F5FA7626CFD3DC3092","B676F2EDDAE8775CD36CB0F63CD1D4603961F49E6265BA013A2F0307B6D0B804","Server Authentication;Client Authentication;Code Signing;Secure Email","2011 Oct 06","2046 Oct 06","RSA 4096 bits","SHA512WithRSA"
"Included","Sectigo","Entrust Code Signing Root Certification Authority - CSBR1","CN=Entrust Code Signing Root Certification Authority - CSBR1; O=Entrust, Inc.; C=US","897424053A4A887AC098380291034D885C8714B9","B80847FDA453BF6ED876CA7BC046A2481909E15B6ED376E665E7AD09F3864E71","Code Signing;Time Stamping","2021 May 07","2040 Dec 30","RSA 4096 bits","SHA512WithRSA"
"Included","eMudhra Technologies Limited","emSign ECC Root CA - C3","CN=emSign ECC Root CA - C3; OU=emSign PKI; O=eMudhra Inc; C=US","B6AF43C29B81537DF6EF6BC31F1F60150CEE4866","BC4D809B15189D78DB3E1D8CF4F9726A795DA1643CA5F1358E1DDB0EDC0D7EB3","Server Authentication;Client Authentication;Code Signing;Document Signing;Secure Email;Time Stamping","2018 Feb 18","2043 Feb 18","EC secp384r1","ecdsaWithSHA384"
"Included","IdenTrust Services, LLC","IdenTrust Commercial Root Code Signing RSA CA 2","CN=IdenTrust Commercial Root Code Signing RSA CA 2; O=IdenTrust; C=US","61666A8384CC93942D679EF3058CC36F140B110F","BC7C4E46DA2DCF0C25866027B7D164D8EA0D2E82DECA3B520A67070947B7B5D4","Code Signing","2024 Dec 17","2044 Dec 12","RSA 4096 bits","SHA384WithRSA"
"Included","Entrust","AffirmTrust Premium ECC","CN=AffirmTrust Premium ECC; O=AffirmTrust; C=US","B8236B002F1D16865301556C11A437CAEBFFC3BB","BD71FDF6DA97E4CF62D1647ADD2581B07D79ADF8397EB4ECBA9C5E8488821423","Server Authentication;Client Authentication;Code Signing;Encrypting File System;IP Security Tunnel Termination;IP Security User;Secure Email;Time Stamping","2010 Jan 29","2040 Dec 31","EC secp384r1","ecdsaWithSHA384"
"Included","Microsec Ltd.","e-Szigno Root CA 2017","CN=e-Szigno Root CA 2017; O=Microsec Ltd.; L=Budapest; C=HU; OrganizationIdentifier=VATHU-23584497","89D483034F9E9A48805F7237D4A9A6EFCB7C1FD1","BEB00B30839B9BC32C32E4447905950641F26421B15ED089198B518AE2EA1B99","Server Authentication;Client Authentication;Code Signing;Document Signing;Secure Email;Time Stamping","2017 Aug 22","2042 Aug 22","EC secp256r1","ecdsaWithSHA256"
"Included","Google Trust Services LLC","GlobalSign","CN=GlobalSign; OU=GlobalSign ECC Root CA - R4; O=GlobalSign","6969562E4080F424A1E7199F14BAF3EE58AB6ABB","BEC94911C2955676DB6C0A550986D76E3BA005667C442C9762B4FBB773DE228C","Server Authentication;Client Authentication;Code Signing;Secure Email;Time Stamping","2012 Nov 13","2038 Jan 19","EC secp256r1","ecdsaWithSHA256"
"Included","Taiwan-CA Inc. (TWCA)","TWCA Root Certification Authority","CN=TWCA Root Certification Authority; OU=Root CA; O=TAIWAN-CA; C=TW","CF9E876DD3EBFC422697A3B5A37AA076A9062348","BFD88FE1101C41AE3E801BF8BE56350EE9BAD1A6B9BD515EDC5C6D5B8711AC44","Server Authentication;Client Authentication;Code Signing;Encrypting File System;IP Security Tunnel Termination;IP Security User;Secure Email;Time Stamping","2008 Aug 28","2030 Dec 31","RSA 2048 bits","SHA1WithRSA"
"Included","Global Digital Cybersecurity Authority Co., Ltd. (Formerly Guang Dong Certificate Authority (GDCA))","GDCA TrustAUTH R5 ROOT","CN=GDCA TrustAUTH R5 ROOT; O=GUANG DONG CERTIFICATE AUTHORITY CO.,LTD.; C=CN","0F36385B811A25C39B314E83CAE9346670CC74B4","BFFF8FD04433487D6A8AA60C1A29767A9FC2BBB05E420F713A13B992891D3893","Server Authentication;Client Authentication;Code Signing;Document Signing;Encrypting File System;Secure Email;Time Stamping","2014 Nov 26","2040 Dec 31","RSA 4096 bits","SHA256WithRSA"
"Included","Chunghwa Telecom","ePKI Root Certification Authority","OU=ePKI Root Certification Authority; O=Chunghwa Telecom Co., Ltd.; C=TW","67650DF17E8E7E5B8240A4F4564BCFE23D69C6F0","C0A6F4DC63A24BFDCF54EF2A6A082A0A72DE35803E2FF5FF527AE5D87206DFD5","Server Authentication;Client Authentication;Code Signing;Encrypting File System;IP Security IKE Intermediate;IP Security Tunnel Termination;IP Security User;OCSP Signing;Secure Email;Time Stamping","2004 Dec 20","2034 Dec 20","RSA 4096 bits","SHA1WithRSA"
"Included","DigiCert","DigiCert ECC P384 Root G5","CN=DigiCert ECC P384 Root G5; O=DigiCert, Inc.; C=US","D1EEB1E8C09020BAB85D3DE27F78EE33A06CAEDB","C1468CF2254E6004B24696ABA209D1A30BA6E2DFF68A9A4E32C6AB414F90C8D9","Server Authentication;Client Authentication;Code Signing;Document Signing;Secure Email;Time Stamping","2021 Jan 15","2046 Jan 14","EC secp384r1","ecdsaWithSHA384"
"Included","GoDaddy","Go Daddy Class 2 Certification Authority","OU=Go Daddy Class 2 Certification Authority; O=The Go Daddy Group, Inc.; C=US","2796BAE63F1801E277261BA0D77770028F20EEE4","C3846BF24B9E93CA64274C0EC67C1ECC5E024FFCACD2D74019350E81FE546AE4","Server Authentication;Client Authentication;Code Signing;Secure Email","2004 Jun 29","2034 Jun 29","RSA 2048 bits","SHA1WithRSA"
"Included","Actalis","Actalis Time Stamping RSA Root CA 2025","CN=Actalis Time Stamping RSA Root CA 2025; O=Actalis S.p.A.; C=IT","89D6447851F93BDF7992D61E6BBDDDCB7EBC837C","C40621D2F61C51CE082A8697653D966441A52AAA6523482ED93F87A07EA8BF30","Time Stamping","2025 Feb 28","2050 Feb 22","RSA 4096 bits","SHA512WithRSA"
"Included","HARICA","HARICA Code Signing RSA Root CA 2021","CN=HARICA Code Signing RSA Root CA 2021; O=Hellenic Academic and Research Institutions CA; C=GR","8DDEB82046B6227C79246A3EAD7B32C3E88FFCAC","C40EBDCD75A90E4B7496ABB23E789A48E33C03284F75D95130575AE6860AE13C","Code Signing;Time Stamping","2021 Feb 19","2045 Feb 13","RSA 4096 bits","SHA256WithRSA"
"Included","Google Trust Services LLC","GTS Root R2","CN=GTS Root R2; O=Google Trust Services LLC; C=US","D273962A2A5E399F733FE1C71E643F033834FC4D","C45D7BB08E6D67E62E4235110B564E5F78FD92EF058C840AEA4E6455D7585C60","Server Authentication;Client Authentication;Secure Email;Time Stamping","2016 Jun 22","2036 Jun 22","RSA 4096 bits","SHA384WithRSA"
"Included","Government of Brazil, Instituto Nacional de Tecnologia da Informação (ITI)","Autoridade Certificadora Raiz Brasileira v5","CN=Autoridade Certificadora Raiz Brasileira v5; OU=Instituto Nacional de Tecnologia da Informacao - ITI; O=ICP-Brasil; C=BR","4ACADAB14B74BF4FBA7BACE64B91801C44B8CC66","CAA53FC6091C6951887C976E378F6EF89AA6377C55D97B6475422B71ED7E9B17","Client Authentication;Document Signing;Secure Email;Time Stamping","2016 Mar 02","2029 Mar 02","RSA 4096 bits","SHA512WithRSA"
"Included","DigiCert","DigiCert Global Root G2","CN=DigiCert Global Root G2; OU=www.digicert.com; O=DigiCert Inc; C=US","DF3C24F9BFD666761B268073FE06D1CC8D4F82A4","CB3CCBB76031E5E0138F8DD39A23F9DE47FFC35E43C1144CEA27D46A5AB1CB5F","Server Authentication;Client Authentication;Code Signing;Secure Email;Time Stamping","2013 Aug 01","2038 Jan 15","RSA 2048 bits","SHA256WithRSA"
"Included","GlobalSign nv-sa","GlobalSign","CN=GlobalSign; OU=GlobalSign Root CA - R3; O=GlobalSign","D69B561148F01C77C54578C10926DF5B856976AD","CBB522D7B7F127AD6A0113865BDF1CD4102E7D0759AF635A7CF4720DC963C53B","Server Authentication;Client Authentication;Code Signing;Encrypting File System;IP Security Tunnel Termination;IP Security User;Secure Email;Time Stamping","2009 Mar 18","2029 Mar 18","RSA 2048 bits","SHA256WithRSA"
"Included","SSL.com","XRamp Global Certification Authority","CN=XRamp Global Certification Authority; OU=www.xrampsecurity.com; O=XRamp Security Services Inc; C=US","B80186D1EB9C86A54104CF3054F34C52B7E558C6","CECDDC905099D8DADFC5B1D209B737CBE2C18CFB2C10C0FF0BCF0D3286FC1AA2","Server Authentication;Client Authentication;Code Signing;OCSP Signing;Secure Email;Time Stamping","2004 Nov 01","2035 Jan 01","RSA 2048 bits","SHA1WithRSA"
"Included","První certifikační autorita, a.s.","I.CA Root CA/RSA 05/2022","CN=I.CA Root CA/RSA 05/2022; O=První certifikační autorita, a.s.; C=CZ; OrganizationIdentifier=NTRCZ-26439395","461FDD19E71CD4329AADF224DC8C8628CD10FAE8","D279C01A12E8DD9A6230E459FAA447CEB336998477338C2EE4135C96737418EB","Client Authentication;Document Signing;Secure Email;Time Stamping","2022 May 03","2047 May 03","RSA 4096 bits","SHA512WithRSA"
"Included","IdenTrust Services, LLC","IdenTrust Commercial Root Timestamp RSA CA 2","CN=IdenTrust Commercial Root Timestamp RSA CA 2; O=IdenTrust; C=US","4712175FC49806BDC6A52FBA7F7838B382B0E857","D309931736C8F5AAF3C20ADA97FDAF11B5E2D7FD174DC97286ACD613A40AEA55","Time Stamping","2024 Dec 17","2044 Dec 12","RSA 4096 bits","SHA384WithRSA"
"Included","První certifikační autorita, a.s.","I.CA Root CA/RSA","CN=I.CA Root CA/RSA; O=První certifikační autorita, a.s.; C=CZ; SerialNumber=NTRCZ-26439395","9B0959898154081BF6A90E9B9E58A4690C9BA104","D3D607A9FF24A19523B6DA9D2C649446F8788CB96D9FD130972E120C13677730","Server Authentication;Client Authentication;Code Signing;Document Signing;Secure Email;Time Stamping","2015 May 27","2040 May 27","RSA 4096 bits","SHA512WithRSA"
"Included","Shanghai Electronic Certification Authority Co., Ltd.","UCA Extended Validation Root","CN=UCA Extended Validation Root; O=UniTrust; C=CN","A3A1B06F2461234AE336A5C237FCA6FFDDF0D73A","D43AF9B35473755C9684FC06D7D8CB70EE5C28E773FB294EB41EE71722924D24","Server Authentication;Client Authentication;Code Signing","2015 Mar 13","2038 Dec 31","RSA 4096 bits","SHA256WithRSA"
"Included","Certigna","Certigna Root CA","CN=Certigna Root CA; OU=0002 48146308100036; O=Dhimyotis; C=FR","2D0D5214FF9EAD9924017420476E6C852727F543","D48D3D23EEDB50A459E55197601C27774B9D7B18C94D5A059511A10250B93168","Server Authentication;Client Authentication;Code Signing;Document Signing;Encrypting File System;Secure Email;Time Stamping","2013 Oct 01","2033 Oct 01","RSA 4096 bits","SHA256WithRSA"
"Included","Sectigo","AAA Certificate Services","CN=AAA Certificate Services; O=Comodo CA Limited; L=Salford; ST=Greater Manchester; C=GB","D1EB23A46D17D68FD92564C2F1F1601764D8E349","D7A7A0FB5D7E2731D771E9484EBCDEF71D5F0C3E0A2948782BC83EE0EA699EF4","Server Authentication;Client Authentication;Code Signing;Encrypting File System;IP Security Tunnel Termination;IP Security User;Secure Email;Time Stamping","2004 Jan 01","2028 Dec 31","RSA 2048 bits","SHA1WithRSA"
"Included","HALCOM d.d.","Halcom Root Certificate Authority","CN=Halcom Root Certificate Authority; O=Halcom d.d.; C=SI; OrganizationIdentifier=VATSI-43353126","23D731FEDC5C8BB97DE6DC8E13B411BD4F24004F","D7BA3F4FF8AD05633451470DDA3378A3491B90005E5C687D2B68D53647CFDD66","Server Authentication;Client Authentication;Code Signing;Document Signing;Encrypting File System;Secure Email;Time Stamping","2016 Jun 10","2036 Jun 10","RSA 2048 bits","SHA256WithRSA"
"Included","Asseco Data Systems S.A.","Certum CA","CN=Certum CA; O=Unizeto Sp. z o.o.; C=PL","6252DC40F71143A22FDE9EF7348E064251B18118","D8E0FEBC1DB2E38D00940F37D27D41344D993E734B99D5656D9778D4D8143624","Server Authentication;Client Authentication;Code Signing;OCSP Signing;Secure Email;Time Stamping","2002 Jun 11","2027 Jun 11","RSA 2048 bits","SHA1WithRSA"
"Included","Sectigo","Entrust Root Certification Authority - G4","CN=Entrust Root Certification Authority - G4; OU=See www.entrust.net/legal-terms, (c) 2015 Entrust, Inc. - for authorized use only; O=Entrust, Inc.; C=US","14884E862637B026AF59625C4077EC3529BA9601","DB3517D1F6732A2D5AB97C533EC70779EE3270A62FB4AC4238372460E6F01E88","Server Authentication;Client Authentication;Code Signing;Document Signing;OCSP Signing;Secure Email;Time Stamping","2015 May 27","2037 Dec 27","RSA 4096 bits","SHA256WithRSA"
"Included","Telia Company","TeliaSonera Root CA v1","CN=TeliaSonera Root CA v1; O=TeliaSonera","4313BB96F1D5869BC14E6A92F6CFF63469878237","DD6936FE21F8F077C123A1A521C12224F72255B73E03A7260693E8A24B0FA389","Server Authentication;Client Authentication;Code Signing;Secure Email;Time Stamping","2007 Oct 18","2032 Oct 18","RSA 4096 bits","SHA1WithRSA"
"Included","SSL.com","SSL.com Code Signing ECC Root CA 2022","CN=SSL.com Code Signing ECC Root CA 2022; O=SSL Corporation; C=US","0D9E9AB20765A89ED9CD8DF2C7A63BC77495EF31","E17DB396AFC136FF1D6DCDA4BB443DA2D817131855BE1C4B6FECEA221036722A","Client Authentication;Code Signing;Time Stamping","2022 Aug 25","2046 Aug 19","EC secp384r1","ecdsaWithSHA384"
"Included","Disig, a.s.","CA Disig Root R2","CN=CA Disig Root R2; O=Disig a.s.; L=Bratislava; C=SK","B561EBEAA4DEE4254B691A98A55747C234C7D971","E23D4A036D7B70E9F595B1422079D2B91EDFBB1FB651A0633EAA8A9DC5F80703","Server Authentication;Client Authentication;Code Signing;Encrypting File System;Secure Email;Time Stamping","2012 Jul 19","2042 Jul 19","RSA 4096 bits","SHA256WithRSA"
"Included","Amazon Trust Services","Amazon Root CA 4","CN=Amazon Root CA 4; O=Amazon; C=US","F6108407D6F8BB67980CC2E244C2EBAE1CEF63BE","E35D28419ED02025CFA69038CD623962458DA5C695FBDEA3C22B0BFB25897092","Server Authentication;Client Authentication;Code Signing;Document Signing;Encrypting File System;Secure Email;Time Stamping","2015 May 26","2040 May 26","EC secp384r1","ecdsaWithSHA384"
"Included","Certigna","Certigna","CN=Certigna; O=Dhimyotis; C=FR","B12E13634586A46F1AB2606837582DC4ACFD9497","E3B6A2DB2ED7CE48842F7AC53241C7B71D54144BFB40C11F3F1D0B42F5EEA12D","Server Authentication;Client Authentication;Code Signing;IP Security IKE Intermediate;IP Security Tunnel Termination;IP Security User;OCSP Signing;Secure Email;Time Stamping","2007 Jun 29","2027 Jun 29","RSA 2048 bits","SHA1WithRSA"
"Included","Sectigo","Sectigo Public Time Stamping Root E46","CN=Sectigo Public Time Stamping Root E46; O=Sectigo Limited; C=GB","C95E9C79D60752386209C1E4C68A6B8BD54FF2DB","E44DDB7952261F15005CD60C1D0C38C18CBFD17C273A31F8ED4C8F53E2685F32","Time Stamping","2021 Mar 22","2046 Mar 21","EC secp384r1","ecdsaWithSHA384"
"Included","DigiCert","DigiCert RSA4096 Root G5","CN=DigiCert RSA4096 Root G5; O=DigiCert, Inc.; C=US","87B8E6D38F1A39CD97F04A9E174B3C9EE7EE1115","E46A392204A8DCA342A71C1CA9A60C9185B9A930370120C3B9C7E3856F0D8F3B","Server Authentication;Client Authentication;Code Signing;Document Signing;Secure Email;Time Stamping","2021 Jan 15","2046 Jan 14","RSA 4096 bits","SHA384WithRSA"
"Included","SECOM Trust Systems Co., Ltd.","Security Communication ECC RootCA1","CN=Security Communication ECC RootCA1; O=SECOM Trust Systems CO.,LTD.; C=JP","B80E26A9BFD2B23BC0EF46C9BAC7BBF61D0D4141","E74FBDA55BD564C473A36B441AA799C8A68E077440E8288B9FA1E50E4BBACA11","Server Authentication;Client Authentication;Code Signing;Document Signing;Encrypting File System;Secure Email;Time Stamping","2016 Jun 16","2038 Jan 18","EC secp384r1","ecdsaWithSHA384"
"Included","Sectigo","USERTrust RSA Certification Authority","CN=USERTrust RSA Certification Authority; O=The USERTRUST Network; L=Jersey City; ST=New Jersey; C=US","2B8F1B57330DBBA2D07A6C51F70EE90DDAB9AD8E","E793C9B02FD8AA13E21C31228ACCB08119643B749C898964B1746D46C3D4CBD2","Server Authentication;Client Authentication;Code Signing;Encrypting File System;IP Security Tunnel Termination;IP Security User;Secure Email;Time Stamping","2010 Feb 01","2038 Jan 18","RSA 4096 bits","SHA384WithRSA"
"Included","Sectigo","Entrust Digital Signing Root Certification Authority - DSR1","CN=Entrust Digital Signing Root Certification Authority - DSR1; O=Entrust, Inc.; C=US","104FE73700186E692E78A0156A3F9ED807B0608E","E874FE2531EAE4A4B6B62F37496BBAE90EB1D8FC8CEDBEBB00A182CFACDC7E61","Document Signing;Time Stamping","2021 Nov 12","2040 Dec 30","RSA 4096 bits","SHA512WithRSA"
"Included","certSIGN","certSIGN ROOT CA","OU=certSIGN ROOT CA; O=certSIGN; C=RO","FAB7EE36972662FB2DB02AF6BF03FDE87C4B2F9B","EAA962C4FA4A6BAFEBE415196D351CCD888D4F53F3FA8AE6D7C466A94E6042BB","Server Authentication;Client Authentication;Code Signing;Encrypting File System;IP Security Tunnel Termination;IP Security User;Secure Email;Time Stamping","2006 Jul 04","2031 Jul 04","RSA 2048 bits","SHA1WithRSA"
"Included","NETLOCK","NetLock Platina (Class Platinum) Főtanúsítvány","CN=NetLock Platina (Class Platinum) Főtanúsítvány; OU=Tanúsítványkiadók (Certification Services); O=NetLock Kft.; L=Budapest; C=HU","EC93DE083C93D933A986B3D5CDE25ACB2FEECF8E","EB7E05AA58E7BD328A282BF8867033F3C035342B516EE85C01673DFFFFBBFE58","Server Authentication;Client Authentication;Code Signing;Encrypting File System;IP Security Tunnel Termination;IP Security User;Secure Email;Time Stamping","2008 Dec 11","2028 Dec 06","RSA 4096 bits","SHA256WithRSA"
"Included","Government of Spain, Fábrica Nacional de Moneda y Timbre (FNMT)","AC RAIZ FNMT-RCM","OU=AC RAIZ FNMT-RCM; O=FNMT-RCM; C=ES","EC503507B215C4956219E2A89A5B42992C4C2C20","EBC5570C29018C4D67B1AA127BAF12F703B4611EBC17B7DAB5573894179B93FA","Server Authentication;Client Authentication;Document Signing;Secure Email;Time Stamping","2008 Oct 29","2030 Jan 01","RSA 4096 bits","SHA256WithRSA"
"Included","GlobalSign nv-sa","GlobalSign Root CA","CN=GlobalSign Root CA; OU=Root CA; O=GlobalSign nv-sa; C=BE","B1BC968BD4F49D622AA89A81F2150152A41D829C","EBD41040E4BB3EC742C9E381D31EF2A41A48B6685C96E7CEF3C1DF6CD4331C99","Server Authentication;Client Authentication;Code Signing;Encrypting File System;IP Security IKE Intermediate;IP Security Tunnel Termination;IP Security User;OCSP Signing;Secure Email;Time Stamping","1998 Sep 01","2028 Jan 28","RSA 2048 bits","SHA1WithRSA"
"Included","Buypass","Buypass Class 3 Root CA","CN=Buypass Class 3 Root CA; O=Buypass AS-983163327; C=NO","DAFAF7FA6684EC068F1450BDC7C281A5BCA96457","EDF7EBBCA27A2A384D387B7D4010C666E2EDB4843E4C29B4AE1D5B9332E6B24D","Server Authentication;Client Authentication;OCSP Signing;Secure Email;Time Stamping","2010 Oct 26","2040 Oct 26","RSA 4096 bits","SHA256WithRSA"
"Included","Carillon Information Security Inc.","Carillon PKI Services G2 Root CA 1","CN=Carillon PKI Services G2 Root CA 1; OU=Certification Authorities; O=Carillon Information Security Inc.; C=CA","EB9237B72076F8CC8BC13E7046F2FCABC18199D3","EE0EC4A0B5E6ECB865F49689B50E3DE38D4FD924A4041C0C2A62636DB0B6B31D","Client Authentication;Document Signing;Secure Email;Time Stamping","2020 Jan 20","2040 Jan 20","RSA 4096 bits","SHA256WithRSA"
"Included","D-Trust","D-TRUST Root Class 3 CA 2 EV 2009","CN=D-TRUST Root Class 3 CA 2 EV 2009; O=D-Trust GmbH; C=DE","96C91B0B95B4109842FAD0D82279FE60FAB91683","EEC5496B988CE98625B934092EEC2908BED0B0F316C2D4730C84EAF1F3D34881","Server Authentication;Client Authentication;Code Signing;Secure Email;Time Stamping","2009 Nov 05","2029 Nov 05","RSA 2048 bits","SHA256WithRSA"
"Included","SSL.com","SecureTrust CA","CN=SecureTrust CA; O=SecureTrust Corporation; C=US","8782C6C304353BCFD29692D2593E7D44D934FF11","F1C1B50AE5A20DD8030EC9F6BC24823DD367B5255759B4E71B61FCE9F7375D73","Server Authentication;Client Authentication;Code Signing;Secure Email;Time Stamping","2006 Nov 07","2029 Dec 31","RSA 2048 bits","SHA1WithRSA"
"Included","eMudhra Technologies Limited","emSign Root CS CA - G3","CN=emSign Root CS CA - G3; O=eMudhra Technologies Limited; C=IN","1F74B6010A219FD9CA058D07AA053D15EFD9300D","F2EDAAFF3D9B701FB4D14C9F285F8C0BAD90FC3BCC1FA07D47F4718EDABA34A5","Code Signing","2024 Feb 08","2049 Feb 07","EC secp384r1","ecdsaWithSHA384"
"Included","Atos","Atos TrustedRoot 2011","CN=Atos TrustedRoot 2011; O=Atos; C=DE","2BB1F53E550C1DC5F1D4E6B76A464B550602AC21","F356BEA244B7A91EB35D53CA9AD7864ACE018E2D35D5F8F96DDF68A6F41AA474","Server Authentication;Client Authentication;Code Signing;Encrypting File System;IP Security Tunnel Termination;IP Security User;OCSP Signing;Secure Email;Time Stamping","2011 Jul 07","2030 Dec 31","RSA 2048 bits","SHA256WithRSA"
"Included","SI-TRUST","SI-TRUST Root","CN=SI-TRUST Root; O=Republika Slovenija; C=SI; OrganizationIdentifier=VATSI-17659957","3A4979B40FA841488200B582FBEEB63AAB9919AE","FAD540811AFAE0DC767CDF6572A088FA3CE8493DD82B3B869A67D10AAB4E8124","Server Authentication;Client Authentication;Code Signing;Document Signing;Encrypting File System;OCSP Signing;Secure Email;Time Stamping","2016 Apr 25","2037 Dec 25","RSA 3072 bits","SHA256WithRSA"
"Included","Asseco Data Systems S.A.","Certum Trusted Root CA","CN=Certum Trusted Root CA; OU=Certum Certification Authority; O=Asseco Data Systems S.A.; C=PL","C88344C018AE9FCCF187B78F22D1C5D74584BAE5","FE7696573855773E37A95E7AD4D9CC96C30157C15D31765BA9B15704E1AE78FD","Server Authentication;Client Authentication;Code Signing;Secure Email;Time Stamping","2018 Mar 16","2043 Mar 16","RSA 4096 bits","SHA512WithRSA"
